X_displacement,Y_displacement,Dispersal_Probability_mean_0.4_var_0.4
-2,-1,1.5e-05
-2,0,3.5e-05
-1,-1,0.00347
-1,0,0.049366
-1,1,0.003536
0,-2,4.2e-05
0,-1,0.049174
0,0,0.789724
0,1,0.04884
0,2,3.6e-05
1,-2,1.7e-05
1,-1,0.003373
1,0,0.048781
1,1,0.003501
1,2,1e-05
2,0,3.9e-05
2,1,1.2e-05
